studyName,Sample Number,Species,Island,Individual ID,Clutch Completion,Date Egg,Culmen Length (mm),Culmen Depth (mm),Flipper Length (mm),Body Mass (g),Sex,Delta 15 N (o/oo),Delta 13 C (o/oo)
PAL200708,1,Adelie Penguin (Pygoscelis adeliae),Torgersen,N1A1,Yes,11/11/2007,39.1,18.7,181,3750,MALE,,
PAL200708,2,Adelie Penguin (Pygoscelis adeliae),Torgersen,N1A2,Yes,11/11/2007,39.5,17.4,186,3800,FEMALE,8.94956,-24.69454
PAL200708,3,Adelie Penguin (Pygoscelis adeliae),Torgersen,N2A1,Yes,11/16/2007,40.3,18,195,3250,FEMALE,8.36821,-25.33302
PAL200708,4,Adelie Penguin (Pygoscelis adeliae),Torgersen,N2A2,Yes,11/16/2007,38.5,18.1,189,3200,MALE,,
PAL200708,5,Adelie Penguin (Pygoscelis adeliae),Torgersen,N3A1,Yes,11/16/2007,36.7,19.3,193,3450,FEMALE,8.76651,-25.32426
PAL200708,6,Adelie Penguin (Pygoscelis adeliae),Torgersen,N3A2,Yes,11/16/2007,39.3,20.6,190,3650,MALE,8.66496,-25.29805
PAL200708,7,Adelie Penguin (Pygoscelis adeliae),Torgersen,N4A1,No,11/15/2007,38.9,17.8,181,3625,FEMALE,9.18718,-25.21799
PAL200708,8,Adelie Penguin (Pygoscelis adeliae),Torgersen,N4A2,No,11/15/2007,39.2,19.6,195,4675,MALE,9.46066,-24.89958
PAL200708,9,Adelie Penguin (Pygoscelis adeliae),Torgersen,N5A1,Yes,11/09/2007,34.1,18.1,193,3475,,,
PAL200708,10,Adelie Penguin (Pygoscelis adeliae),Torgersen,N5A2,Yes,11/09/2007,42,20.2,190,4250,,9.13362,-25.2009368
PAL200708,11,Adelie Penguin (Pygoscelis adeliae),Torgersen,N6A1,Yes,11/09/2007,37.8,17.1,186,3300,,8.63243,-25.21315
PAL200708,12,Adelie Penguin (Pygoscelis adeliae),Torgersen,N6A2,Yes,11/09/2007,37.8,17.3,180,3700,,,
PAL200708,13,Adelie Penguin (Pygoscelis adeliae),Torgersen,N7A1,Yes,11/15/2007,41.1,17.6,182,3200,FEMALE,,
PAL200708,14,Adelie Penguin (Pygoscelis adeliae),Torgersen,N7A2,Yes,11/15/2007,38.6,21.2,191,3800,MALE,,
PAL200708,15,Adelie Penguin (Pygoscelis adeliae),Torgersen,N8A1,Yes,11/16/2007,34.6,21.1,198,4400,MALE,8.55583,-25.22588
PAL200708,16,Adelie Penguin (Pygoscelis adeliae),Torgersen,N8A2,Yes,11/16/2007,36.6,17.8,185,3700,FEMALE,,
PAL200708,17,Adelie Penguin (Pygoscelis adeliae),Torgersen,N9A1,Yes,11/12/2007,38.7,19,195,3450,FEMALE,9.18528,-25.06691
PAL200708,18,Adelie Penguin (Pygoscelis adeliae),Torgersen,N9A2,Yes,11/12/2007,42.5,20.7,197,4500,MALE,8.67538,-25.13993
PAL200708,19,Adelie Penguin (Pygoscelis adeliae),Torgersen,N10A1,Yes,11/16/2007,34.4,18.4,184,3325,FEMALE,8.47827,-25.23319
PAL200708,20,Adelie Penguin (Pygoscelis adeliae),Torgersen,N10A2,Yes,11/16/2007,46,21.5,194,4200,MALE,9.11616,-24.77227
PAL200708,21,Adelie Penguin (Pygoscelis adeliae),Biscoe,N11A1,Yes,11/12/2007,37.8,18.3,174,3400,FEMALE,8.73762,-25.2009383
PAL200708,22,Adelie Penguin (Pygoscelis adeliae),Biscoe,N11A2,Yes,11/12/2007,37.7,18.7,180,3600,MALE,8.66271,-25.0639
PAL200708,23,Adelie Penguin (Pygoscelis adeliae),Biscoe,N12A1,Yes,11/12/2007,35.9,19.2,189,3800,FEMALE,9.22286,-25.03474
PAL200708,24,Adelie Penguin (Pygoscelis adeliae),Biscoe,N12A2,Yes,11/12/2007,38.2,18.1,185,3950,MALE,8.43423,-25.22664
PAL200708,25,Adelie Penguin (Pygoscelis adeliae),Biscoe,N13A1,Yes,11/10/2007,38.8,17.2,180,3800,MALE,9.63954,-25.29856
PAL200708,26,Adelie Penguin (Pygoscelis adeliae),Biscoe,N13A2,Yes,11/10/2007,35.3,18.9,187,3800,FEMALE,9.21292,-24.3613
PAL200708,27,Adelie Penguin (Pygoscelis adeliae),Biscoe,N17A1,Yes,11/12/2007,40.6,18.6,183,3550,MALE,8.93997,-25.36288
PAL200708,28,Adelie Penguin (Pygoscelis adeliae),Biscoe,N17A2,Yes,11/12/2007,40.5,17.9,187,3200,FEMALE,8.08138,-25.49448
PAL200708,29,Adelie Penguin (Pygoscelis adeliae),Biscoe,N18A1,No,11/10/2007,37.9,18.6,172,3150,FEMALE,8.38404,-25.19837
PAL200708,30,Adelie Penguin (Pygoscelis adeliae),Biscoe,N18A2,No,11/10/2007,40.5,18.9,180,3950,MALE,8.90027,-25.1162009
PAL200708,31,Adelie Penguin (Pygoscelis adeliae),Dream,N21A1,Yes,11/09/2007,39.5,16.7,178,3250,FEMALE,9.69756,-25.11223
PAL200708,32,Adelie Penguin (Pygoscelis adeliae),Dream,N21A2,Yes,11/09/2007,37.2,18.1,178,3900,MALE,9.72764,-25.0102
PAL200708,33,Adelie Penguin (Pygoscelis adeliae),Dream,N22A1,Yes,11/09/2007,39.5,17.8,188,3300,FEMALE,9.66523,-25.0602
PAL200708,34,Adelie Penguin (Pygoscelis adeliae),Dream,N22A2,Yes,11/09/2007,40.9,18.9,184,3900,MALE,8.79665,-25.14591
PAL200708,35,Adelie Penguin (Pygoscelis adeliae),Dream,N23A1,Yes,11/16/2007,36.4,17,195,3325,FEMALE,9.17847,-25.23061
PAL200708,36,Adelie Penguin (Pygoscelis adeliae),Dream,N23A2,Yes,11/16/2007,39.2,21.1,196,4150,MALE,9.15308,-25.03469
PAL200708,37,Adelie Penguin (Pygoscelis adeliae),Dream,N24A1,Yes,11/16/2007,38.8,20,190,3950,MALE,9.18985,-25.12255
PAL200708,38,Adelie Penguin (Pygoscelis adeliae),Dream,N24A2,Yes,11/16/2007,42.2,18.5,180,3550,FEMALE,8.04787,-25.49523
PAL200708,39,Adelie Penguin (Pygoscelis adeliae),Dream,N25A1,No,11/13/2007,37.6,19.3,181,3300,FEMALE,9.41131,-25.04169
PAL200708,40,Adelie Penguin (Pygoscelis adeliae),Dream,N25A2,No,11/13/2007,39.8,19.1,184,4650,MALE,,
PAL200708,41,Adelie Penguin (Pygoscelis adeliae),Dream,N26A1,Yes,11/16/2007,36.5,18,182,3150,FEMALE,9.68933,-24.4228
PAL200708,42,Adelie Penguin (Pygoscelis adeliae),Dream,N26A2,Yes,11/16/2007,40.8,18.4,195,3900,MALE,,
PAL200708,43,Adelie Penguin (Pygoscelis adeliae),Dream,N27A1,Yes,11/19/2007,36,18.5,186,3100,FEMALE,9.5200772,-25.03492
PAL200708,44,Adelie Penguin (Pygoscelis adeliae),Dream,N27A2,Yes,11/19/2007,44.1,19.7,196,4400,MALE,9.2372,-24.52698
PAL200708,45,Adelie Penguin (Pygoscelis adeliae),Dream,N28A1,Yes,11/16/2007,37,16.9,185,3000,FEMALE,9.36392,-25.01745
PAL200708,46,Adelie Penguin (Pygoscelis adeliae),Dream,N28A2,Yes,11/16/2007,39.6,18.8,190,4600,MALE,9.49106,-24.10255
PAL200708,47,Adelie Penguin (Pygoscelis adeliae),Dream,N29A1,Yes,11/13/2007,41.1,19,182,3425,MALE,,
PAL200708,48,Adelie Penguin (Pygoscelis adeliae),Dream,N29A2,Yes,11/13/2007,37.5,18.9,179,2975,,,
PAL200708,49,Adelie Penguin (Pygoscelis adeliae),Dream,N30A1,Yes,11/13/2007,36,17.9,190,3450,FEMALE,9.51784,-25.2007683
PAL200708,50,Adelie Penguin (Pygoscelis adeliae),Dream,N30A2,Yes,11/13/2007,42.3,21.2,191,4150,MALE,8.87988,-25.18543
PAL082009,51,Adelie Penguin (Pygoscelis adeliae),Biscoe,N21A1,Yes,11/06/2008,39.6,17.7,186,3500,FEMALE,8.46616,-26.12989
PAL082009,52,Adelie Penguin (Pygoscelis adeliae),Biscoe,N21A2,Yes,11/06/2008,40.1,18.9,188,4300,MALE,8.51362,-26.55602
PAL082009,53,Adelie Penguin (Pygoscelis adeliae),Biscoe,N22A1,Yes,11/09/2008,35,17.9,190,3450,FEMALE,8.19539,-26.17213
PAL082009,54,Adelie Penguin (Pygoscelis adeliae),Biscoe,N22A2,Yes,11/09/2008,42,19.5,200,4050,MALE,8.4820095,-26.3146
PAL082009,55,Adelie Penguin (Pygoscelis adeliae),Biscoe,N23A1,Yes,11/09/2008,34.5,18.1,187,2900,FEMALE,8.41837,-26.54718
PAL082009,56,Adelie Penguin (Pygoscelis adeliae),Biscoe,N23A2,Yes,11/09/2008,41.4,18.6,191,3700,MALE,8.35396,-26.27853
PAL082009,57,Adelie Penguin (Pygoscelis adeliae),Biscoe,N24A1,Yes,11/15/2008,39,17.5,186,3550,FEMALE,8.57199,-26.2007188
PAL082009,58,Adelie Penguin (Pygoscelis adeliae),Biscoe,N24A2,Yes,11/15/2008,40.6,18.8,193,3800,MALE,8.56674,-25.98843
PAL082009,59,Adelie Penguin (Pygoscelis adeliae),Biscoe,N25A1,Yes,11/15/2008,36.5,16.6,181,2850,FEMALE,9.2007878,-25.88156
PAL082009,60,Adelie Penguin (Pygoscelis adeliae),Biscoe,N25A2,Yes,11/15/2008,37.6,19.1,194,3750,MALE,9.108,-25.89677
PAL082009,61,Adelie Penguin (Pygoscelis adeliae),Biscoe,N27A1,Yes,11/13/2008,35.7,16.9,185,3150,FEMALE,8.96472,-26.4200943
PAL082009,62,Adelie Penguin (Pygoscelis adeliae),Biscoe,N27A2,Yes,11/13/2008,41.3,21.1,195,4400,MALE,8.74802,-26.3782009
PAL082009,63,Adelie Penguin (Pygoscelis adeliae),Biscoe,N28A1,Yes,11/13/2008,37.6,17,185,3600,FEMALE,8.58063,-26.21569
PAL082009,64,Adelie Penguin (Pygoscelis adeliae),Biscoe,N28A2,Yes,11/13/2008,41.1,18.2,192,4050,MALE,8.62264,-26.60023
PAL082009,65,Adelie Penguin (Pygoscelis adeliae),Biscoe,N29A1,Yes,11/13/2008,36.4,17.1,184,2850,FEMALE,8.62623,-26.1165
PAL082009,66,Adelie Penguin (Pygoscelis adeliae),Biscoe,N29A2,Yes,11/13/2008,41.6,18,192,3950,MALE,8.85562,-26.2009294
PAL082009,67,Adelie Penguin (Pygoscelis adeliae),Biscoe,N30A1,Yes,11/06/2008,35.5,16.2,195,3350,FEMALE,8.56192,-25.95541
PAL082009,68,Adelie Penguin (Pygoscelis adeliae),Biscoe,N30A2,Yes,11/06/2008,41.1,19.1,188,4100,MALE,8.7120078,-25.81012
PAL082009,69,Adelie Penguin (Pygoscelis adeliae),Torgersen,N32A1,No,11/11/2008,35.9,16.6,190,3050,FEMALE,8.47781,-26.2007821
PAL082009,70,Adelie Penguin (Pygoscelis adeliae),Torgersen,N32A2,No,11/11/2008,41.8,19.4,198,4450,MALE,8.86853,-26.0622009
PAL082009,71,Adelie Penguin (Pygoscelis adeliae),Torgersen,N34A1,Yes,11/14/2008,33.5,19,190,3600,FEMALE,7.88863,-26.63085
PAL082009,72,Adelie Penguin (Pygoscelis adeliae),Torgersen,N34A2,Yes,11/14/2008,39.7,18.4,190,3900,MALE,9.29808,-25.23453
PAL082009,73,Adelie Penguin (Pygoscelis adeliae),Torgersen,N35A1,Yes,11/11/2008,39.6,17.2,196,3550,FEMALE,8.33524,-26.55351
PAL082009,74,Adelie Penguin (Pygoscelis adeliae),Torgersen,N35A2,Yes,11/11/2008,45.8,18.9,197,4150,MALE,8.18658,-26.45978
PAL082009,75,Adelie Penguin (Pygoscelis adeliae),Torgersen,N36A1,Yes,11/08/2008,35.5,17.5,190,3700,FEMALE,8.70642,-26.15003
PAL082009,76,Adelie Penguin (Pygoscelis adeliae),Torgersen,N36A2,Yes,11/08/2008,42.8,18.5,195,4250,MALE,8.2993,-26.38986
PAL082009,77,Adelie Penguin (Pygoscelis adeliae),Torgersen,N37A1,Yes,11/06/2008,40.9,16.8,191,3700,FEMALE,8.47257,-26.02002
PAL082009,78,Adelie Penguin (Pygoscelis adeliae),Torgersen,N37A2,Yes,11/06/2008,37.2,19.4,184,3900,MALE,8.3554,-26.44787
PAL082009,79,Adelie Penguin (Pygoscelis adeliae),Torgersen,N38A1,Yes,11/09/2008,36.2,16.1,187,3550,FEMALE,7.82381,-26.51382
PAL082009,80,Adelie Penguin (Pygoscelis adeliae),Torgersen,N38A2,Yes,11/09/2008,42.1,19.1,195,4000,MALE,9.05736,-25.81513
PAL082009,81,Adelie Penguin (Pygoscelis adeliae),Torgersen,N39A1,Yes,11/02/2008,34.6,17.2,189,3200,FEMALE,7.69778,-26.5387
PAL082009,82,Adelie Penguin (Pygoscelis adeliae),Torgersen,N39A2,Yes,11/02/2008,42.9,17.6,196,4700,MALE,8.63259,-26.23027
PAL082009,83,Adelie Penguin (Pygoscelis adeliae),Torgersen,N40A1,Yes,11/07/2008,36.7,18.8,187,3800,FEMALE,7.88494,-26.24837
PAL082009,84,Adelie Penguin (Pygoscelis adeliae),Torgersen,N40A2,Yes,11/07/2008,35.1,19.4,193,4200,MALE,8.90002,-26.46254
PAL082009,85,Adelie Penguin (Pygoscelis adeliae),Dream,N41A1,Yes,11/17/2008,37.3,17.8,191,3350,FEMALE,8.32718,-26.38396
PAL082009,86,Adelie Penguin (Pygoscelis adeliae),Dream,N41A2,Yes,11/17/2008,41.3,20.3,194,3550,MALE,9.14863,-26.2009635
PAL082009,87,Adelie Penguin (Pygoscelis adeliae),Dream,N42A1,Yes,11/08/2008,36.3,19.5,190,3800,MALE,8.57087,-26.22227
PAL082009,88,Adelie Penguin (Pygoscelis adeliae),Dream,N42A2,Yes,11/08/2008,36.9,18.6,189,3500,FEMALE,8.59147,-26.08165
PAL082009,89,Adelie Penguin (Pygoscelis adeliae),Dream,N44A1,Yes,11/08/2008,38.3,19.2,189,3950,MALE,9.2007826,-26.12417
PAL082009,90,Adelie Penguin (Pygoscelis adeliae),Dream,N44A2,Yes,11/08/2008,38.9,18.8,190,3600,FEMALE,8.36936,-26.11199
PAL082009,91,Adelie Penguin (Pygoscelis adeliae),Dream,N45A1,Yes,11/14/2008,35.7,18,202,3550,FEMALE,8.46531,-26.05621
PAL082009,92,Adelie Penguin (Pygoscelis adeliae),Dream,N45A2,Yes,11/14/2008,41.1,18.1,205,4300,MALE,8.77018,-25.83352
PAL082009,93,Adelie Penguin (Pygoscelis adeliae),Dream,N46A1,Yes,11/05/2008,34,17.1,185,3400,FEMALE,8.01485,-26.69543
PAL082009,94,Adelie Penguin (Pygoscelis adeliae),Dream,N46A2,Yes,11/05/2008,39.6,18.1,186,4450,MALE,8.49915,-26.42406
PAL082009,95,Adelie Penguin (Pygoscelis adeliae),Dream,N48A1,Yes,11/17/2008,36.2,17.3,187,3300,FEMALE,8.9200723,-26.30037
PAL082009,96,Adelie Penguin (Pygoscelis adeliae),Dream,N48A2,Yes,11/17/2008,40.8,18.9,208,4300,MALE,8.48204,-26.57941
PAL082009,97,Adelie Penguin (Pygoscelis adeliae),Dream,N49A1,Yes,11/08/2008,38.1,18.6,190,3700,FEMALE,8.10277,-26.50086
PAL082009,98,Adelie Penguin (Pygoscelis adeliae),Dream,N49A2,Yes,11/08/2008,40.3,18.5,196,4350,MALE,8.39459,-26.01152
PAL082009,99,Adelie Penguin (Pygoscelis adeliae),Dream,N50A1,Yes,11/10/2008,33.1,16.1,178,2900,FEMALE,9.04218,-26.15775
PAL082009,100,Adelie Penguin (Pygoscelis adeliae),Dream,N50A2,Yes,11/10/2008,43.2,18.5,192,4100,MALE,8.97025,-26.03679
PAL200910,101,Adelie Penguin (Pygoscelis adeliae),Biscoe,N47A1,Yes,11/09/2009,35,17.9,192,3725,FEMALE,8.84451,-26.28055
PAL200910,102,Adelie Penguin (Pygoscelis adeliae),Biscoe,N47A2,Yes,11/09/2009,41,20,203,4725,MALE,9.0120079,-26.38085
PAL200910,103,Adelie Penguin (Pygoscelis adeliae),Biscoe,N49A1,Yes,11/15/2009,37.7,16,183,320075,FEMALE,9.2151,-26.2253
PAL200910,104,Adelie Penguin (Pygoscelis adeliae),Biscoe,N49A2,Yes,11/15/2009,37.8,20,190,4250,MALE,9.51929,-25.69199
PAL200910,105,Adelie Penguin (Pygoscelis adeliae),Biscoe,N51A1,Yes,11/15/2009,37.9,18.6,193,2925,FEMALE,9.02642,-25.86482
PAL200910,106,Adelie Penguin (Pygoscelis adeliae),Biscoe,N51A2,Yes,11/15/2009,39.7,18.9,184,3550,MALE,8.85699,-25.80208
PAL200910,107,Adelie Penguin (Pygoscelis adeliae),Biscoe,N53A1,Yes,11/15/2009,38.6,17.2,199,3750,FEMALE,8.77322,-26.48973
PAL200910,108,Adelie Penguin (Pygoscelis adeliae),Biscoe,N53A2,Yes,11/15/2009,38.2,20,190,3900,MALE,9.59245,-25.7200711
PAL200910,109,Adelie Penguin (Pygoscelis adeliae),Biscoe,N55A1,Yes,11/20/2009,38.1,17,181,3175,FEMALE,9.79532,-25.27385
PAL200910,110,Adelie Penguin (Pygoscelis adeliae),Biscoe,N55A2,Yes,11/20/2009,43.2,19,197,4775,MALE,9.31735,-25.45171
PAL200910,111,Adelie Penguin (Pygoscelis adeliae),Biscoe,N58A1,Yes,11/12/2009,38.1,16.5,198,3825,FEMALE,8.43951,-26.57563
PAL200910,112,Adelie Penguin (Pygoscelis adeliae),Biscoe,N58A2,Yes,11/12/2009,45.6,20.3,191,4600,MALE,8.65466,-26.3292009
PAL200910,113,Adelie Penguin (Pygoscelis adeliae),Biscoe,N60A1,Yes,11/15/2009,39.7,17.7,193,3200,FEMALE,9.02657,-26.06203
PAL200910,114,Adelie Penguin (Pygoscelis adeliae),Biscoe,N60A2,Yes,11/15/2009,42.2,19.5,197,4275,MALE,8.80186,-26.41218
PAL200910,115,Adelie Penguin (Pygoscelis adeliae),Biscoe,N61A1,Yes,11/17/2009,39.6,20.7,191,3900,FEMALE,8.8200967,-26.78958
PAL200910,116,Adelie Penguin (Pygoscelis adeliae),Biscoe,N61A2,Yes,11/17/2009,42.7,18.3,196,420075,MALE,8.91434,-26.42018
PAL200910,117,Adelie Penguin (Pygoscelis adeliae),Torgersen,N63A1,Yes,11/18/2009,38.6,17,188,2900,FEMALE,9.18021,-25.77264
PAL200910,118,Adelie Penguin (Pygoscelis adeliae),Torgersen,N63A2,Yes,11/18/2009,37.3,20.5,199,3775,MALE,9.49645,-26.36678
PAL200910,119,Adelie Penguin (Pygoscelis adeliae),Torgersen,N64A1,Yes,11/22/2009,35.7,17,189,3350,FEMALE,8.96436,-23.9032009
PAL200910,120,Adelie Penguin (Pygoscelis adeliae),Torgersen,N64A2,Yes,11/22/2009,41.1,18.6,189,3325,MALE,9.32277,-26.2009989
PAL200910,121,Adelie Penguin (Pygoscelis adeliae),Torgersen,N66A1,No,11/17/2009,36.2,17.2,187,3150,FEMALE,9.04296,-26.19444
PAL200910,122,Adelie Penguin (Pygoscelis adeliae),Torgersen,N66A2,No,11/17/2009,37.7,19.8,198,3500,MALE,9.11066,-26.42563
PAL200910,123,Adelie Penguin (Pygoscelis adeliae),Torgersen,N67A1,Yes,11/16/2009,40.2,17,176,3450,FEMALE,9.3200722,-25.61039
PAL200910,124,Adelie Penguin (Pygoscelis adeliae),Torgersen,N67A2,Yes,11/16/2009,41.4,18.5,202,3875,MALE,9.59462,-25.42621
PAL200910,125,Adelie Penguin (Pygoscelis adeliae),Torgersen,N69A1,Yes,11/18/2009,35.2,15.9,186,3050,FEMALE,8.81668,-25.95399
PAL200910,126,Adelie Penguin (Pygoscelis adeliae),Torgersen,N69A2,Yes,11/18/2009,40.6,19,199,4000,MALE,9.22537,-25.60826
PAL200910,127,Adelie Penguin (Pygoscelis adeliae),Torgersen,N71A1,Yes,11/21/2009,38.8,17.6,191,3275,FEMALE,8.8820098,-25.89741
PAL200910,128,Adelie Penguin (Pygoscelis adeliae),Torgersen,N71A2,Yes,11/21/2009,41.5,18.3,195,4300,MALE,8.52566,-26.0245
PAL200910,129,Adelie Penguin (Pygoscelis adeliae),Torgersen,N72A1,Yes,11/18/2009,39,17.1,191,3050,FEMALE,9.19031,-25.73722
PAL200910,130,Adelie Penguin (Pygoscelis adeliae),Torgersen,N72A2,Yes,11/18/2009,44.1,18,210,4000,MALE,9.1200702,-26.01363
PAL200910,131,Adelie Penguin (Pygoscelis adeliae),Torgersen,N73A1,No,11/23/2009,38.5,17.9,190,3325,FEMALE,8.9846,-25.57956
PAL200910,132,Adelie Penguin (Pygoscelis adeliae),Torgersen,N73A2,No,11/23/2009,43.1,19.2,197,3500,MALE,8.86495,-26.1396
PAL200910,133,Adelie Penguin (Pygoscelis adeliae),Dream,N76A1,Yes,11/10/2009,36.8,18.5,193,3500,FEMALE,8.98705,-25.57647
PAL200910,134,Adelie Penguin (Pygoscelis adeliae),Dream,N76A2,Yes,11/10/2009,37.5,18.5,199,4475,MALE,8.56708,-26.49288
PAL200910,135,Adelie Penguin (Pygoscelis adeliae),Dream,N77A1,Yes,11/13/2009,38.1,17.6,187,3425,FEMALE,8.717,-25.77951
PAL200910,136,Adelie Penguin (Pygoscelis adeliae),Dream,N77A2,Yes,11/13/2009,41.1,17.5,190,3900,MALE,8.94365,-26.06943
PAL200910,137,Adelie Penguin (Pygoscelis adeliae),Dream,N78A1,Yes,11/16/2009,35.6,17.5,191,3175,FEMALE,8.75984,-25.97696
PAL200910,138,Adelie Penguin (Pygoscelis adeliae),Dream,N78A2,Yes,11/16/2009,40.2,20.1,200,3975,MALE,8.95998,-26.32601
PAL200910,139,Adelie Penguin (Pygoscelis adeliae),Dream,N79A1,No,11/16/2009,37,16.5,185,3400,FEMALE,8.61651,-26.2007021
PAL200910,140,Adelie Penguin (Pygoscelis adeliae),Dream,N79A2,No,11/16/2009,39.7,17.9,193,4250,MALE,9.25769,-25.88798
PAL200910,141,Adelie Penguin (Pygoscelis adeliae),Dream,N80A1,Yes,11/14/2009,40.2,17.1,193,3400,FEMALE,9.2881,-25.54976
PAL200910,142,Adelie Penguin (Pygoscelis adeliae),Dream,N80A2,Yes,11/14/2009,40.6,17.2,187,3475,MALE,9.23408,-26.01549
PAL200910,143,Adelie Penguin (Pygoscelis adeliae),Dream,N81A1,Yes,11/16/2009,32.1,15.5,188,3050,FEMALE,8.79787,-26.6120075
PAL200910,144,Adelie Penguin (Pygoscelis adeliae),Dream,N81A2,Yes,11/16/2009,40.7,17,190,3725,MALE,9.05674,-25.79529
PAL200910,145,Adelie Penguin (Pygoscelis adeliae),Dream,N82A1,Yes,11/16/2009,37.3,16.8,192,3000,FEMALE,9.06829,-25.85203
PAL200910,146,Adelie Penguin (Pygoscelis adeliae),Dream,N82A2,Yes,11/16/2009,39,18.7,185,3650,MALE,9.22033,-26.03442
PAL200910,147,Adelie Penguin (Pygoscelis adeliae),Dream,N83A1,Yes,11/13/2009,39.2,18.6,190,4250,MALE,9.11006,-25.79549
PAL200910,148,Adelie Penguin (Pygoscelis adeliae),Dream,N83A2,Yes,11/13/2009,36.6,18.4,184,3475,FEMALE,8.68744,-25.8306
PAL200910,149,Adelie Penguin (Pygoscelis adeliae),Dream,N84A1,Yes,11/17/2009,36,17.8,195,3450,FEMALE,8.94332,-25.79189
PAL200910,150,Adelie Penguin (Pygoscelis adeliae),Dream,N84A2,Yes,11/17/2009,37.8,18.1,193,3750,MALE,8.97533,-26.03495
PAL200910,151,Adelie Penguin (Pygoscelis adeliae),Dream,N85A1,Yes,11/17/2009,36,17.1,187,3700,FEMALE,8.93465,-26.2007081
PAL200910,152,Adelie Penguin (Pygoscelis adeliae),Dream,N85A2,Yes,11/17/2009,41.5,18.5,201,4000,MALE,8.8964,-26.06967
PAL200708,1,Chinstrap penguin (Pygoscelis antarctica),Dream,N61A1,No,11/19/2007,46.5,17.9,192,3500,FEMALE,9.03935,-24.30229
PAL200708,2,Chinstrap penguin (Pygoscelis antarctica),Dream,N61A2,No,11/19/2007,50,19.5,196,3900,MALE,8.92069,-24.23592
PAL200708,3,Chinstrap penguin (Pygoscelis antarctica),Dream,N62A1,Yes,11/26/2007,51.3,19.2,193,3650,MALE,9.2920078,-24.7557
PAL200708,4,Chinstrap penguin (Pygoscelis antarctica),Dream,N62A2,Yes,11/26/2007,45.4,18.7,188,3525,FEMALE,8.64701,-24.62717
PAL200708,5,Chinstrap penguin (Pygoscelis antarctica),Dream,N64A1,Yes,11/21/2007,52.7,19.8,197,3725,MALE,9.00642,-24.61867
PAL200708,6,Chinstrap penguin (Pygoscelis antarctica),Dream,N64A2,Yes,11/21/2007,45.2,17.8,198,3950,FEMALE,8.88942,-24.49433
PAL200708,7,Chinstrap penguin (Pygoscelis antarctica),Dream,N66A1,Yes,11/28/2007,46.1,18.2,178,3250,FEMALE,8.85664,-24.55644
PAL200708,8,Chinstrap penguin (Pygoscelis antarctica),Dream,N66A2,Yes,11/28/2007,51.3,18.2,197,3750,MALE,8.63701,-24.84059
PAL200708,9,Chinstrap penguin (Pygoscelis antarctica),Dream,N67A1,Yes,11/21/2007,46,18.9,195,4150,FEMALE,8.47173,-24.29229
PAL200708,10,Chinstrap penguin (Pygoscelis antarctica),Dream,N67A2,Yes,11/21/2007,51.3,19.9,198,3700,MALE,8.79581,-24.36088
PAL200708,11,Chinstrap penguin (Pygoscelis antarctica),Dream,N68A1,Yes,11/28/2007,46.6,17.8,193,3800,FEMALE,8.95063,-24.59897
PAL200708,12,Chinstrap penguin (Pygoscelis antarctica),Dream,N68A2,Yes,11/28/2007,51.7,20.3,194,3775,MALE,8.68747,-24.38751
PAL200708,13,Chinstrap penguin (Pygoscelis antarctica),Dream,N69A1,Yes,11/26/2007,47,17.3,185,3700,FEMALE,8.72037,-24.80526
PAL200708,14,Chinstrap penguin (Pygoscelis antarctica),Dream,N69A2,Yes,11/26/2007,52,18.1,201,4050,MALE,9.0233,-24.38933
PAL200708,15,Chinstrap penguin (Pygoscelis antarctica),Dream,N70A1,Yes,11/22/2007,45.9,17.1,190,3575,FEMALE,9.12277,-24.90024
PAL200708,16,Chinstrap penguin (Pygoscelis antarctica),Dream,N70A2,Yes,11/22/2007,50.5,19.6,201,4050,MALE,9.8059,-24.7294
PAL200708,17,Chinstrap penguin (Pygoscelis antarctica),Dream,N71A1,No,11/30/2007,50.3,20,197,3300,MALE,10.02019,-24.54704
PAL200708,18,Chinstrap penguin (Pygoscelis antarctica),Dream,N71A2,No,11/30/2007,58,17.8,181,3700,FEMALE,9.14382,-24.57994
PAL200708,19,Chinstrap penguin (Pygoscelis antarctica),Dream,N72A1,Yes,11/30/2007,46.4,18.6,190,3450,FEMALE,9.32105,-24.64162
PAL200708,20,Chinstrap penguin (Pygoscelis antarctica),Dream,N72A2,Yes,11/30/2007,49.2,18.2,195,4400,MALE,9.27158,-24.64335
PAL200708,21,Chinstrap penguin (Pygoscelis antarctica),Dream,N73A1,Yes,12/03/2007,42.4,17.3,181,3600,FEMALE,9.35138,-24.6879
PAL200708,22,Chinstrap penguin (Pygoscelis antarctica),Dream,N73A2,Yes,12/03/2007,48.5,17.5,191,3400,MALE,9.42666,-24.26375
PAL200708,23,Chinstrap penguin (Pygoscelis antarctica),Dream,N85A1,No,11/28/2007,43.2,16.6,187,2900,FEMALE,9.35416,-25.01185
PAL200708,24,Chinstrap penguin (Pygoscelis antarctica),Dream,N85A2,No,11/28/2007,50.6,19.4,193,3800,MALE,9.28153,-24.97134
PAL200708,25,Chinstrap penguin (Pygoscelis antarctica),Dream,N89A1,No,11/28/2007,46.7,17.9,195,3300,FEMALE,9.74144,-24.59467
PAL200708,26,Chinstrap penguin (Pygoscelis antarctica),Dream,N89A2,No,11/28/2007,52,19,197,4150,MALE,9.36799,-24.47142
PAL082009,27,Chinstrap penguin (Pygoscelis antarctica),Dream,N61A1,No,11/25/2008,50.5,18.4,200,3400,FEMALE,8.9399,-23.89017
PAL082009,28,Chinstrap penguin (Pygoscelis antarctica),Dream,N61A2,No,11/25/2008,49.5,19,200,3800,MALE,9.6320074,-24.34684
PAL082009,29,Chinstrap penguin (Pygoscelis antarctica),Dream,N62A1,Yes,11/14/2008,46.4,17.8,191,3700,FEMALE,9.37369,-24.52896
PAL082009,30,Chinstrap penguin (Pygoscelis antarctica),Dream,N62A2,Yes,11/14/2008,52.8,20,205,4550,MALE,9.25177,-24.69638
PAL082009,31,Chinstrap penguin (Pygoscelis antarctica),Dream,N63A1,Yes,11/24/2008,40.9,16.6,187,3200,FEMALE,9.08458,-24.54903
PAL082009,32,Chinstrap penguin (Pygoscelis antarctica),Dream,N63A2,Yes,11/24/2008,54.2,20.8,201,4300,MALE,9.49283,-24.59996
PAL082009,33,Chinstrap penguin (Pygoscelis antarctica),Dream,N65A1,Yes,11/24/2008,42.5,16.7,187,3350,FEMALE,9.36668,-24.45195
PAL082009,34,Chinstrap penguin (Pygoscelis antarctica),Dream,N65A2,Yes,11/24/2008,51,18.8,203,4100,MALE,9.23196,-24.17282
PAL082009,35,Chinstrap penguin (Pygoscelis antarctica),Dream,N67A1,Yes,11/25/2008,49.7,18.6,195,3600,MALE,9.75486,-24.31198
PAL082009,36,Chinstrap penguin (Pygoscelis antarctica),Dream,N67A2,Yes,11/25/2008,47.5,16.8,199,3900,FEMALE,9.2007825,-25.1455
PAL082009,37,Chinstrap penguin (Pygoscelis antarctica),Dream,N69A1,Yes,11/14/2008,47.6,18.3,195,3850,FEMALE,8.83502,-24.65859
PAL082009,38,Chinstrap penguin (Pygoscelis antarctica),Dream,N69A2,Yes,11/14/2008,52,20.7,210,4800,MALE,9.43146,-24.6844
PAL082009,39,Chinstrap penguin (Pygoscelis antarctica),Dream,N72A1,No,11/24/2008,46.9,16.6,192,2700,FEMALE,9.80589,-24.73735
PAL082009,40,Chinstrap penguin (Pygoscelis antarctica),Dream,N72A2,No,11/24/2008,53.5,19.9,205,4500,MALE,10.02544,-24.90816
PAL082009,41,Chinstrap penguin (Pygoscelis antarctica),Dream,N74A1,Yes,11/24/2008,49,19.5,210,3950,MALE,9.53262,-24.66867
PAL082009,42,Chinstrap penguin (Pygoscelis antarctica),Dream,N74A2,Yes,11/24/2008,46.2,17.5,187,3650,FEMALE,9.61734,-24.66188
PAL082009,43,Chinstrap penguin (Pygoscelis antarctica),Dream,N75A1,Yes,11/14/2008,50.9,19.1,196,3550,MALE,10.02372,-24.86594
PAL082009,44,Chinstrap penguin (Pygoscelis antarctica),Dream,N75A2,Yes,11/14/2008,45.5,17,196,3500,FEMALE,9.36493,-24.66259
PAL200910,45,Chinstrap penguin (Pygoscelis antarctica),Dream,N86A1,Yes,11/17/2009,50.9,17.9,196,3675,FEMALE,9.43684,-24.16566
PAL200910,46,Chinstrap penguin (Pygoscelis antarctica),Dream,N86A2,Yes,11/17/2009,50.8,18.5,201,4450,MALE,9.45827,-24.35575
PAL200910,47,Chinstrap penguin (Pygoscelis antarctica),Dream,N87A1,Yes,11/27/2009,50.1,17.9,190,3400,FEMALE,9.46819,-24.45721
PAL200910,48,Chinstrap penguin (Pygoscelis antarctica),Dream,N87A2,Yes,11/27/2009,49,19.6,212,4300,MALE,9.34089,-24.45189
PAL200910,49,Chinstrap penguin (Pygoscelis antarctica),Dream,N88A1,Yes,11/23/2009,51.5,18.7,187,3250,MALE,9.6895,-24.43062
PAL200910,50,Chinstrap penguin (Pygoscelis antarctica),Dream,N88A2,Yes,11/23/2009,49.8,17.3,198,3675,FEMALE,9.32169,-24.41562
PAL200910,51,Chinstrap penguin (Pygoscelis antarctica),Dream,N90A1,Yes,11/21/2009,48.1,16.4,199,3325,FEMALE,9.46929,-24.48403
PAL200910,52,Chinstrap penguin (Pygoscelis antarctica),Dream,N90A2,Yes,11/21/2009,51.4,19,201,3950,MALE,9.43782,-24.36202
PAL200910,53,Chinstrap penguin (Pygoscelis antarctica),Dream,N92A1,Yes,11/23/2009,45.7,17.3,193,3600,FEMALE,9.415,-24.805
PAL200910,54,Chinstrap penguin (Pygoscelis antarctica),Dream,N92A2,Yes,11/23/2009,50.7,19.7,203,4050,MALE,9.93727,-24.59066
PAL200910,55,Chinstrap penguin (Pygoscelis antarctica),Dream,N93A1,Yes,11/27/2009,42.5,17.3,187,3350,FEMALE,9.56534,-24.60882
PAL200910,56,Chinstrap penguin (Pygoscelis antarctica),Dream,N93A2,Yes,11/27/2009,52.2,18.8,197,3450,MALE,9.77528,-24.56481
PAL200910,57,Chinstrap penguin (Pygoscelis antarctica),Dream,N94A1,Yes,11/21/2009,45.2,16.6,191,3250,FEMALE,9.62357,-24.78984
PAL200910,58,Chinstrap penguin (Pygoscelis antarctica),Dream,N94A2,Yes,11/21/2009,49.3,19.9,203,4050,MALE,9.8882009,-24.59513
PAL200910,59,Chinstrap penguin (Pygoscelis antarctica),Dream,N95A1,Yes,11/21/2009,50.2,18.8,202,3800,MALE,9.74492,-24.404
PAL200910,60,Chinstrap penguin (Pygoscelis antarctica),Dream,N95A2,Yes,11/21/2009,45.6,19.4,194,3525,FEMALE,9.46985,-24.65786
PAL200910,61,Chinstrap penguin (Pygoscelis antarctica),Dream,N96A1,Yes,11/27/2009,51.9,19.5,206,3950,MALE,,-23.78767
PAL200910,62,Chinstrap penguin (Pygoscelis antarctica),Dream,N96A2,Yes,11/27/2009,46.8,16.5,189,3650,FEMALE,9.65061,-24.48153
PAL200910,63,Chinstrap penguin (Pygoscelis antarctica),Dream,N98A1,Yes,11/19/2009,45.7,17,195,3650,FEMALE,9.26715,-24.31912
PAL200910,64,Chinstrap penguin (Pygoscelis antarctica),Dream,N98A2,Yes,11/19/2009,55.8,19.8,22007,4000,MALE,9.70465,-24.53494
PAL200910,65,Chinstrap penguin (Pygoscelis antarctica),Dream,N99A1,No,11/21/2009,43.5,18.1,202,3400,FEMALE,9.37608,-24.4200753
PAL200910,66,Chinstrap penguin (Pygoscelis antarctica),Dream,N99A2,No,11/21/2009,49.6,18.2,193,3775,MALE,9.4618,-24.70615
PAL200910,67,Chinstrap penguin (Pygoscelis antarctica),Dream,N100A1,Yes,11/21/2009,50.8,19,210,4100,MALE,9.98044,-24.68741
PAL200910,68,Chinstrap penguin (Pygoscelis antarctica),Dream,N100A2,Yes,11/21/2009,50.2,18.7,198,3775,FEMALE,9.39305,-24.25255
PAL200708,1,Gentoo penguin (Pygoscelis papua),Biscoe,N31A1,Yes,11/27/2007,46.1,13.2,211,4500,FEMALE,7.993,-25.5139
PAL200708,2,Gentoo penguin (Pygoscelis papua),Biscoe,N31A2,Yes,11/27/2007,50,16.3,230,5700,MALE,8.14756,-25.39369
PAL200708,3,Gentoo penguin (Pygoscelis papua),Biscoe,N32A1,Yes,11/27/2007,48.7,14.1,210,4450,FEMALE,8.14705,-25.46172
PAL200708,4,Gentoo penguin (Pygoscelis papua),Biscoe,N32A2,Yes,11/27/2007,50,15.2,218,5700,MALE,8.2554,-25.4020075
PAL200708,5,Gentoo penguin (Pygoscelis papua),Biscoe,N33A1,Yes,11/18/2007,47.6,14.5,215,5400,MALE,8.2345,-25.54456
PAL200708,6,Gentoo penguin (Pygoscelis papua),Biscoe,N33A2,Yes,11/18/2007,46.5,13.5,210,4550,FEMALE,7.9953,-25.32829
PAL200708,7,Gentoo penguin (Pygoscelis papua),Biscoe,N34A1,Yes,11/27/2007,45.4,14.6,211,4800,FEMALE,8.24515,-25.46782
PAL200708,8,Gentoo penguin (Pygoscelis papua),Biscoe,N34A2,Yes,11/27/2007,46.7,15.3,219,5200,MALE,8.22673,-25.4276
PAL200708,9,Gentoo penguin (Pygoscelis papua),Biscoe,N35A1,Yes,11/27/2007,43.3,13.4,22009,4400,FEMALE,8.13643,-25.32176
PAL200708,10,Gentoo penguin (Pygoscelis papua),Biscoe,N35A2,Yes,11/27/2007,46.8,15.4,215,5150,MALE,8.1631,-25.38017
PAL200708,11,Gentoo penguin (Pygoscelis papua),Biscoe,N36A1,No,11/27/2007,40.9,13.7,214,4650,FEMALE,8.19579,-25.3933
PAL200708,12,Gentoo penguin (Pygoscelis papua),Biscoe,N36A2,No,11/27/2007,49,16.1,216,5550,MALE,8.10417,-25.50562
PAL200708,13,Gentoo penguin (Pygoscelis papua),Biscoe,N37A1,Yes,11/29/2007,45.5,13.7,214,4650,FEMALE,7.77672,-25.4168
PAL200708,14,Gentoo penguin (Pygoscelis papua),Biscoe,N37A2,Yes,11/29/2007,48.4,14.6,213,5850,MALE,7.8208,-25.48025
PAL200708,15,Gentoo penguin (Pygoscelis papua),Biscoe,N38A1,Yes,12/03/2007,45.8,14.6,210,4200,FEMALE,7.79958,-25.62618
PAL200708,16,Gentoo penguin (Pygoscelis papua),Biscoe,N38A2,Yes,12/03/2007,49.3,15.7,217,5850,MALE,8.2007137,-25.52473
PAL200708,17,Gentoo penguin (Pygoscelis papua),Biscoe,N39A1,Yes,11/27/2007,42,13.5,210,4150,FEMALE,7.63884,-25.52627
PAL200708,18,Gentoo penguin (Pygoscelis papua),Biscoe,N39A2,Yes,11/27/2007,49.2,15.2,221,6300,MALE,8.27376,-25.00169
PAL200708,19,Gentoo penguin (Pygoscelis papua),Biscoe,N40A1,Yes,11/27/2007,46.2,14.5,22009,4800,FEMALE,7.84057,-25.37899
PAL200708,20,Gentoo penguin (Pygoscelis papua),Biscoe,N40A2,Yes,11/27/2007,48.7,15.1,222,5350,MALE,7.96491,-25.39587
PAL200708,21,Gentoo penguin (Pygoscelis papua),Biscoe,N41A1,Yes,11/27/2007,50.2,14.3,218,5700,MALE,7.8962,-25.37746
PAL200708,22,Gentoo penguin (Pygoscelis papua),Biscoe,N41A2,Yes,11/27/2007,45.1,14.5,215,5000,FEMALE,7.6322,-25.46569
PAL200708,23,Gentoo penguin (Pygoscelis papua),Biscoe,N42A1,Yes,11/27/2007,46.5,14.5,213,4400,FEMALE,7.90436,-25.3947
PAL200708,24,Gentoo penguin (Pygoscelis papua),Biscoe,N42A2,Yes,11/27/2007,46.3,15.8,215,5050,MALE,7.9200971,-25.38157
PAL200708,25,Gentoo penguin (Pygoscelis papua),Biscoe,N44A1,Yes,11/29/2007,42.9,13.1,215,5000,FEMALE,7.68528,-25.39181
PAL200708,26,Gentoo penguin (Pygoscelis papua),Biscoe,N44A2,Yes,11/29/2007,46.1,15.1,215,5100,MALE,7.83733,-25.42826
PAL200708,27,Gentoo penguin (Pygoscelis papua),Biscoe,N46A1,Yes,11/29/2007,44.5,14.3,216,4100,,7.96621,-25.69327
PAL200708,28,Gentoo penguin (Pygoscelis papua),Biscoe,N46A2,Yes,11/29/2007,47.8,15,215,5650,MALE,7.92358,-25.48383
PAL200708,29,Gentoo penguin (Pygoscelis papua),Biscoe,N47A1,Yes,11/29/2007,48.2,14.3,210,4600,FEMALE,7.6887,-25.50811
PAL200708,30,Gentoo penguin (Pygoscelis papua),Biscoe,N47A2,Yes,11/29/2007,50,15.3,220,5550,MALE,8.30515,-25.19017
PAL200708,31,Gentoo penguin (Pygoscelis papua),Biscoe,N50A1,Yes,11/29/2007,47.3,15.3,222,5250,MALE,,
PAL200708,32,Gentoo penguin (Pygoscelis papua),Biscoe,N50A2,Yes,11/29/2007,42.8,14.2,22009,4700,FEMALE,7.63452,-25.46327
PAL200708,33,Gentoo penguin (Pygoscelis papua),Biscoe,N56A1,Yes,12/03/2007,45.1,14.5,22007,5050,FEMALE,7.97408,-25.53768
PAL200708,34,Gentoo penguin (Pygoscelis papua),Biscoe,N56A2,Yes,12/03/2007,59.6,17,230,6050,MALE,7.76843,-25.6821
PAL082009,35,Gentoo penguin (Pygoscelis papua),Biscoe,N2A1,Yes,11/13/2008,49.1,14.8,220,5150,FEMALE,7.89744,-26.63405
PAL082009,36,Gentoo penguin (Pygoscelis papua),Biscoe,N2A2,Yes,11/13/2008,48.4,16.3,220,5400,MALE,8.03659,-26.86127
PAL082009,37,Gentoo penguin (Pygoscelis papua),Biscoe,N4A1,Yes,11/02/2008,42.6,13.7,213,4950,FEMALE,7.96935,-26.7200968
PAL082009,38,Gentoo penguin (Pygoscelis papua),Biscoe,N4A2,Yes,11/02/2008,44.4,17.3,219,5250,MALE,8.13746,-26.7920093
PAL082009,39,Gentoo penguin (Pygoscelis papua),Biscoe,N5A1,Yes,11/09/2008,44,13.6,208,4350,FEMALE,8.01979,-26.68311
PAL082009,40,Gentoo penguin (Pygoscelis papua),Biscoe,N5A2,Yes,11/09/2008,48.7,15.7,208,5350,MALE,8.14776,-26.84506
PAL082009,41,Gentoo penguin (Pygoscelis papua),Biscoe,N6A1,No,11/04/2008,42.7,13.7,208,3950,FEMALE,8.14567,-26.59467
PAL082009,42,Gentoo penguin (Pygoscelis papua),Biscoe,N6A2,No,11/04/2008,49.6,16,225,5700,MALE,8.38324,-26.84272
PAL082009,43,Gentoo penguin (Pygoscelis papua),Biscoe,N7A1,Yes,11/04/2008,45.3,13.7,210,4300,FEMALE,8.37615,-26.72791
PAL082009,44,Gentoo penguin (Pygoscelis papua),Biscoe,N7A2,Yes,11/04/2008,49.6,15,216,4750,MALE,8.26548,-26.7699
PAL082009,45,Gentoo penguin (Pygoscelis papua),Biscoe,N8A1,Yes,11/03/2008,50.5,15.9,222,5550,MALE,8.46894,-26.60436
PAL082009,46,Gentoo penguin (Pygoscelis papua),Biscoe,N8A2,Yes,11/03/2008,43.6,13.9,217,4900,FEMALE,8.27141,-26.7765
PAL082009,47,Gentoo penguin (Pygoscelis papua),Biscoe,N11A1,No,11/09/2008,45.5,13.9,210,4200,FEMALE,8.47829,-26.61788
PAL082009,48,Gentoo penguin (Pygoscelis papua),Biscoe,N11A2,No,11/09/2008,50.5,15.9,225,5400,MALE,8.65803,-26.57585
PAL082009,49,Gentoo penguin (Pygoscelis papua),Biscoe,N12A1,Yes,11/02/2008,44.9,13.3,213,5100,FEMALE,8.45167,-26.89644
PAL082009,50,Gentoo penguin (Pygoscelis papua),Biscoe,N12A2,Yes,11/02/2008,45.2,15.8,215,5300,MALE,8.55868,-26.67799
PAL082009,51,Gentoo penguin (Pygoscelis papua),Biscoe,N13A1,Yes,11/04/2008,46.6,14.2,210,4850,FEMALE,8.38289,-26.86352
PAL082009,52,Gentoo penguin (Pygoscelis papua),Biscoe,N13A2,Yes,11/04/2008,48.5,14.1,220,5300,MALE,8.39867,-26.79358
PAL082009,53,Gentoo penguin (Pygoscelis papua),Biscoe,N14A1,Yes,11/04/2008,45.1,14.4,210,4400,FEMALE,8.51951,-27.01854
PAL082009,54,Gentoo penguin (Pygoscelis papua),Biscoe,N14A2,Yes,11/04/2008,50.1,15,225,5000,MALE,8.50153,-26.61414
PAL082009,55,Gentoo penguin (Pygoscelis papua),Biscoe,N15A1,Yes,11/04/2008,46.5,14.4,217,4900,FEMALE,8.48789,-26.83006
PAL082009,56,Gentoo penguin (Pygoscelis papua),Biscoe,N15A2,Yes,11/04/2008,45,15.4,220,5050,MALE,8.63488,-26.75621
PAL082009,57,Gentoo penguin (Pygoscelis papua),Biscoe,N16A1,Yes,11/03/2008,43.8,13.9,208,4300,FEMALE,8.58319,-26.84415
PAL082009,58,Gentoo penguin (Pygoscelis papua),Biscoe,N16A2,Yes,11/03/2008,45.5,15,220,5000,MALE,8.63604,-26.7489
PAL082009,59,Gentoo penguin (Pygoscelis papua),Biscoe,N17A1,Yes,11/06/2008,43.2,14.5,208,4450,FEMALE,8.48367,-26.86485
PAL082009,60,Gentoo penguin (Pygoscelis papua),Biscoe,N17A2,Yes,11/06/2008,50.4,15.3,224,5550,MALE,8.74647,-26.79846
PAL082009,61,Gentoo penguin (Pygoscelis papua),Biscoe,N18A1,Yes,11/03/2008,45.3,13.8,208,4200,FEMALE,8.65015,-26.79053
PAL082009,62,Gentoo penguin (Pygoscelis papua),Biscoe,N18A2,Yes,11/03/2008,46.2,14.9,221,5300,MALE,8.6020092,-26.84374
PAL082009,63,Gentoo penguin (Pygoscelis papua),Biscoe,N19A1,Yes,11/13/2008,45.7,13.9,214,4400,FEMALE,8.6287,-26.60484
PAL082009,64,Gentoo penguin (Pygoscelis papua),Biscoe,N19A2,Yes,11/13/2008,54.3,15.7,231,5650,MALE,8.49662,-26.84166
PAL082009,65,Gentoo penguin (Pygoscelis papua),Biscoe,N20A1,Yes,11/04/2008,45.8,14.2,219,4700,FEMALE,8.60447,-26.61601
PAL082009,66,Gentoo penguin (Pygoscelis papua),Biscoe,N20A2,Yes,11/04/2008,49.8,16.8,230,5700,MALE,8.47067,-26.69166
PAL082009,67,Gentoo penguin (Pygoscelis papua),Biscoe,N51A1,Yes,11/09/2008,46.2,14.4,214,4650,,8.24253,-26.8154
PAL082009,68,Gentoo penguin (Pygoscelis papua),Biscoe,N51A2,Yes,11/09/2008,49.5,16.2,229,5800,MALE,8.49854,-26.7482009
PAL082009,69,Gentoo penguin (Pygoscelis papua),Biscoe,N53A1,Yes,11/13/2008,43.5,14.2,220,4700,FEMALE,8.64931,-26.68867
PAL082009,70,Gentoo penguin (Pygoscelis papua),Biscoe,N53A2,Yes,11/13/2008,50.7,15,223,5550,MALE,8.63551,-26.74249
PAL082009,71,Gentoo penguin (Pygoscelis papua),Biscoe,N54A1,Yes,11/03/2008,47.7,15,216,4750,FEMALE,8.53018,-26.72751
PAL082009,72,Gentoo penguin (Pygoscelis papua),Biscoe,N54A2,Yes,11/03/2008,46.4,15.6,221,5000,MALE,8.3520078,-26.7200783
PAL082009,73,Gentoo penguin (Pygoscelis papua),Biscoe,N55A1,Yes,11/09/2008,48.2,15.6,221,5100,MALE,8.24651,-26.66958
PAL082009,74,Gentoo penguin (Pygoscelis papua),Biscoe,N55A2,Yes,11/09/2008,46.5,14.8,217,5200,FEMALE,8.58487,-26.5929
PAL082009,75,Gentoo penguin (Pygoscelis papua),Biscoe,N56A1,Yes,11/06/2008,46.4,15,216,4700,FEMALE,8.47938,-26.9547
PAL082009,76,Gentoo penguin (Pygoscelis papua),Biscoe,N56A2,Yes,11/06/2008,48.6,16,230,5800,MALE,8.5964,-26.71199
PAL082009,77,Gentoo penguin (Pygoscelis papua),Biscoe,N58A1,Yes,11/06/2008,47.5,14.2,22009,4600,FEMALE,8.39299,-26.78733
PAL082009,78,Gentoo penguin (Pygoscelis papua),Biscoe,N58A2,Yes,11/06/2008,51.1,16.3,220,6000,MALE,8.40327,-26.76821
PAL082009,79,Gentoo penguin (Pygoscelis papua),Biscoe,N60A1,Yes,11/2009/2008,45.2,13.8,215,4750,FEMALE,8.24694,-26.65359
PAL082009,80,Gentoo penguin (Pygoscelis papua),Biscoe,N60A2,Yes,11/2009/2008,45.2,16.4,223,5950,MALE,8.19749,-26.65931
PAL200910,81,Gentoo penguin (Pygoscelis papua),Biscoe,N1A1,Yes,11/18/2009,49.1,14.5,212,4625,FEMALE,8.35802,-26.2766
PAL200910,82,Gentoo penguin (Pygoscelis papua),Biscoe,N1A2,Yes,11/18/2009,52.5,15.6,221,5450,MALE,8.28601,-26.27573
PAL200910,83,Gentoo penguin (Pygoscelis papua),Biscoe,N6A1,Yes,11/15/2009,47.4,14.6,212,4725,FEMALE,8.19101,-26.24369
PAL200910,84,Gentoo penguin (Pygoscelis papua),Biscoe,N6A2,Yes,11/15/2009,50,15.9,224,5350,MALE,8.20042,-26.39677
PAL200910,85,Gentoo penguin (Pygoscelis papua),Biscoe,N8A1,Yes,11/22/2009,44.9,13.8,212,4750,FEMALE,8.11238,-26.20372
PAL200910,86,Gentoo penguin (Pygoscelis papua),Biscoe,N8A2,Yes,11/22/2009,50.8,17.3,228,5600,MALE,8.27428,-26.30019
PAL200910,87,Gentoo penguin (Pygoscelis papua),Biscoe,N13A1,Yes,11/20/2009,43.4,14.4,218,4600,FEMALE,8.23468,-26.18599
PAL200910,88,Gentoo penguin (Pygoscelis papua),Biscoe,N13A2,Yes,11/20/2009,51.3,14.2,218,5300,MALE,8.15426,-26.3433
PAL200910,89,Gentoo penguin (Pygoscelis papua),Biscoe,N14A1,Yes,11/25/2009,47.5,14,212,4875,FEMALE,8.12691,-26.23613
PAL200910,90,Gentoo penguin (Pygoscelis papua),Biscoe,N14A2,Yes,11/25/2009,52.1,17,230,5550,MALE,8.27595,-26.11657
PAL200910,91,Gentoo penguin (Pygoscelis papua),Biscoe,N15A1,Yes,11/25/2009,47.5,15,218,4950,FEMALE,8.29671,-26.08547
PAL200910,92,Gentoo penguin (Pygoscelis papua),Biscoe,N15A2,Yes,11/25/2009,52.2,17.1,228,5400,MALE,8.36701,-25.89834
PAL200910,93,Gentoo penguin (Pygoscelis papua),Biscoe,N18A1,Yes,12/01/2009,45.5,14.5,212,4750,FEMALE,8.15566,-26.22848
PAL200910,94,Gentoo penguin (Pygoscelis papua),Biscoe,N18A2,Yes,12/01/2009,49.5,16.1,224,5650,MALE,8.83352,-25.69195
PAL200910,95,Gentoo penguin (Pygoscelis papua),Biscoe,N19A1,Yes,11/27/2009,44.5,14.7,214,4850,FEMALE,8.20106,-26.16524
PAL200910,96,Gentoo penguin (Pygoscelis papua),Biscoe,N19A2,Yes,11/27/2009,50.8,15.7,226,5200,MALE,8.27102,-26.11244
PAL200910,97,Gentoo penguin (Pygoscelis papua),Biscoe,N20A1,Yes,11/18/2009,49.4,15.8,216,4925,MALE,8.03624,-26.06594
PAL200910,98,Gentoo penguin (Pygoscelis papua),Biscoe,N20A2,Yes,11/18/2009,46.9,14.6,222,4875,FEMALE,7.8881,-26.04726
PAL200910,99,Gentoo penguin (Pygoscelis papua),Biscoe,N21A1,Yes,11/18/2009,48.4,14.4,203,4625,FEMALE,8.16582,-26.13971
PAL200910,100,Gentoo penguin (Pygoscelis papua),Biscoe,N21A2,Yes,11/18/2009,51.1,16.5,225,5250,MALE,8.2066,-26.36863
PAL200910,101,Gentoo penguin (Pygoscelis papua),Biscoe,N22A1,Yes,11/22/2009,48.5,15,219,4850,FEMALE,8.10231,-26.18763
PAL200910,102,Gentoo penguin (Pygoscelis papua),Biscoe,N22A2,Yes,11/22/2009,55.9,17,228,5600,MALE,8.3118,-26.35425
PAL200910,103,Gentoo penguin (Pygoscelis papua),Biscoe,N23A1,Yes,11/18/2009,47.2,15.5,215,4975,FEMALE,8.30817,-26.21651
PAL200910,104,Gentoo penguin (Pygoscelis papua),Biscoe,N23A2,Yes,11/18/2009,49.1,15,228,5500,MALE,8.65914,-25.79203
PAL200910,105,Gentoo penguin (Pygoscelis papua),Biscoe,N24A1,Yes,12/01/2009,47.3,13.8,216,4725,,8.25818,-26.23886
PAL200910,106,Gentoo penguin (Pygoscelis papua),Biscoe,N24A2,Yes,12/01/2009,46.8,16.1,215,5500,MALE,8.32359,-26.05756
PAL200910,107,Gentoo penguin (Pygoscelis papua),Biscoe,N28A1,Yes,11/10/2009,41.7,14.7,210,4700,FEMALE,8.12311,-26.44815
PAL200910,108,Gentoo penguin (Pygoscelis papua),Biscoe,N28A2,Yes,11/10/2009,53.4,15.8,219,5500,MALE,8.41017,-26.33867
PAL200910,109,Gentoo penguin (Pygoscelis papua),Biscoe,N29A1,Yes,11/09/2009,43.3,14,208,4575,FEMALE,8.422007,-26.3820092
PAL200910,110,Gentoo penguin (Pygoscelis papua),Biscoe,N29A2,Yes,11/09/2009,48.1,15.1,22009,5500,MALE,8.45738,-26.22664
PAL200910,111,Gentoo penguin (Pygoscelis papua),Biscoe,N32A1,Yes,11/20/2009,50.5,15.2,216,5000,FEMALE,8.24691,-26.18466
PAL200910,112,Gentoo penguin (Pygoscelis papua),Biscoe,N32A2,Yes,11/20/2009,49.8,15.9,229,5950,MALE,8.29226,-26.21019
PAL200910,113,Gentoo penguin (Pygoscelis papua),Biscoe,N34A1,Yes,11/27/2009,43.5,15.2,213,4650,FEMALE,8.21634,-26.11046
PAL200910,114,Gentoo penguin (Pygoscelis papua),Biscoe,N34A2,Yes,11/27/2009,51.5,16.3,230,5500,MALE,8.78557,-25.76147
PAL200910,115,Gentoo penguin (Pygoscelis papua),Biscoe,N35A1,Yes,11/25/2009,46.2,14.1,217,4375,FEMALE,8.30231,-25.96013
PAL200910,116,Gentoo penguin (Pygoscelis papua),Biscoe,N35A2,Yes,11/25/2009,55.1,16,230,5850,MALE,8.08354,-26.18161
PAL200910,117,Gentoo penguin (Pygoscelis papua),Biscoe,N36A1,Yes,12/01/2009,44.5,15.7,217,4875,.,8.04111,-26.18444
PAL200910,118,Gentoo penguin (Pygoscelis papua),Biscoe,N36A2,Yes,12/01/2009,48.8,16.2,222,6000,MALE,8.33825,-25.88547
PAL200910,119,Gentoo penguin (Pygoscelis papua),Biscoe,N38A1,No,12/01/2009,47.2,13.7,214,4925,FEMALE,7.99184,-26.20538
PAL200910,120,Gentoo penguin (Pygoscelis papua),Biscoe,N38A2,No,12/01/2009,,,,,,,
PAL200910,121,Gentoo penguin (Pygoscelis papua),Biscoe,N39A1,Yes,11/22/2009,46.8,14.3,215,4850,FEMALE,8.41151,-26.13832
PAL200910,122,Gentoo penguin (Pygoscelis papua),Biscoe,N39A2,Yes,11/22/2009,50.4,15.7,222,5750,MALE,8.30166,-26.04117
PAL200910,123,Gentoo penguin (Pygoscelis papua),Biscoe,N43A1,Yes,11/22/2009,45.2,14.8,212,5200,FEMALE,8.24246,-26.11969
PAL200910,124,Gentoo penguin (Pygoscelis papua),Biscoe,N43A2,Yes,11/22/2009,49.9,16.1,213,5400,MALE,8.3639,-26.15531
